metric,value
Total Return,9.882632025912628
Annualized Return,0.09051936088514956
Annualized Volatility,0.3330776136365425
Sharpe (approx),1.120083858983394
Max Drawdown,-0.2750393234436679
Win Rate,0.7350993377483444
Trades,151.0
