freq_label,pnl
Q,1.9585535357983117
W,0.6993860792876742
M,0.0876462042602691
