metric,value
Total Return,3.9394469975800988
Annualized Return,0.05870320071365587
Annualized Volatility,0.2231746286529723
Sharpe (approx),1.1512693191607406
Max Drawdown,-0.11436571990027555
Win Rate,0.6842105263157895
Trades,152.0
