year,pnl
1997,0.0003490305434945
2003,0.0845150855720567
2005,0.0532224052889358
2007,0.0933170848607149
2008,0.05459892770424879
2009,0.5370788164009422
2010,-0.0003806819583541
2011,0.0167229909322694
2012,0.0736847769072974
2013,0.0180718621913076
2014,-0.0041466532557615
2015,0.1008293097891635
2016,0.0675038737374985
2017,0.0076491152554234
2018,-0.0561180356296338
2019,0.3316676237394409
2022,0.22375510167235158
2023,0.0337568882184771
2024,0.1520646578145106
2025,-0.024248236652228205
