freq_label,pnl
Q,1.2519566319584068
W,0.5301827562992218
M,-0.0182454451254709
