asset_class,sum,count,mean
BOND,0.0050430715199097,2,0.00252153575995485
COMMO,0.2996399158777485,42,0.007134283711374965
EQUITY,2.440902831948594,107,0.02281217599951957
