freq_label,pnl
Q,1.958553535798312
W,0.6993860792876742
M,0.0876462042602691
