asset_class,sum,count,mean
BOND,0.0005167170238509001,2,0.00025835851192545004
COMMO,0.3089773559828698,43,0.0071855199065783675
EQUITY,1.4543998701254346,107,0.013592522150704996
